entity_id,dob,main_legends,input_type,roles,algs_points_2020-21:,alternate_ids,player_years_active_range,player_years_active,player_total_winnings,player_placements_gold,player_placements_silver,player_placements_bronze,talent_years_active_range,talent_years_active,talent_events_covered,coach_years_active_range,coach_years_active,coach_total_winnings,coach_placements_gold,coach_placements_silver,coach_placements_bronze
0waRy,08-01,,mouse & keyboard,player,1985,JINSEI0waRy,2020-04-18;2022-03-20,2,2697.0,1,1,2,,,,,,,,,
1000Eyes,,,mouse & keyboard,talent,,ThousandEyes,,,,,,,2021-05-09;2022-03-11,1,11,,,,,,
1Fumeta,,,mouse & keyboard,player;coach,,,2020-08-02;2021-05-16,1,579.0,1,2,1,,,,2020-12-04;2022-02-28,2,76883.0,5,3,0
1ief,1994-12-24,wraith;wattson;pathfinder,mouse & keyboard,player,6255,,2020-01-26;2021-12-05,1,2160.0,2,0,0,,,,,,,,,
1ndraking,1999-09-28,pathfinder;wraith,mouse & keyboard,player,4385,1NDR444,2019-11-23;2022-03-14,3,2920.0,0,3,2,,,,,,,,,
1tappy,2000-10-01,wraith,mouse & keyboard,player,3125,Iseki;1TAPPYTHEWORLD,2020-05-30;2022-01-28,2,48870.0,4,5,2,,,,,,,,,
1Worst,,pathfinder,mouse & keyboard,player,3255,,2020-10-05;2022-02-28,2,91547.0,1,8,4,,,,,,,,,
247,,gibraltar,controller,player,190,Satou,2021-01-09;2021-12-26,0,2536.0,1,1,5,,,,,,,,,
3Mz,1998-11-15,gibraltar;wraith,mouse & keyboard,player,12335,GOTAHAVEYO,2019-12-12;2022-03-13,3,122585.0,17,16,4,,,,,,,,,
4SeTz,1998-12-22,valkyrie;crypto,controller,player,430,4SetZ;4Setz,2021-02-25;2022-03-14,1,2530.0,0,2,2,,,,,,,,,
5CG,11-28,,,,1605,,,,,,,,,,,,,,,,
788,1994-09-21,pathfinder,mouse & keyboard,player,10745,tamanaha;FUNWARIGORILLA,2019-12-12;2022-02-05,3,69614.0,8,14,8,,,,,,,,,
7Hyperz,1994-09-02,wraith;gibraltar,mouse & keyboard,player,2640,,2020-04-18;2022-02-28,2,2948.0,1,0,0,,,,,,,,,
7ouzz,2002-06-19,gibraltar;bloodhound,,player,1100,Touzz,2020-12-06;2022-03-14,2,0.0,3,2,0,,,,,,,,,
7ozzzus,2003-08-06,wraith,mouse & keyboard,,3470,,,,,,,,,,,,,,,,
836,,pathfinder;crypto,mouse & keyboard,player,3965,hachizaburou;tarachan115,2020-03-21;2021-06-06,1,1600.0,0,1,0,,,,,,,,,
9impulse,1999-10-31,gibraltar;caustic,mouse & keyboard,,5460,,,,,,,,,,,,,,,,
A1one,,gibraltar,mouse & keyboard,player,,Alone;Along,2019-07-07;2022-03-13,3,5451.0,2,3,1,,,,,,,,,
abara,1990-07-07,,mouse & keyboard,talent,,,,,,,,,2020-08-16;2021-10-29,1,13,,,,,,
Accentiii,2003-02-24,valkyrie;horizon,mouse & keyboard,player,,,2021-05-11;2021-12-30,0,29637.0,1,0,1,,,,,,,,,
ACEKTM7,1997-11-01,,mouse & keyboard,player,1040,ACE,2019-05-22;2022-01-28,3,8100.0,0,1,0,,,,,,,,,
aceu,1995-04-07,wraith,mouse & keyboard,player,210,Ace;acesu,2019-03-26;2020-01-27,1,155308.0,3,5,3,,,,,,,,,
Ack,2000-06-19,wraith;octane;horizon,mouse & keyboard,player,2450,,2019-11-14;2022-03-04,3,390.0,1,2,3,,,,,,,,,
Aeon,1993-05-12,,mouse & keyboard,player,,AeonWasTaken;AeonDaBeast,2019-02-23;2019-04-13,0,466.0,2,1,5,,,,,,,,,
Aesir,,,mouse & keyboard,player,660,きなこげんじ;Jikyu1750yen,2020-10-20;2021-12-05,1,867.0,0,0,1,,,,,,,,,
Aggrasive,1999-09-23,,mouse & keyboard,,,,,,,,,,,,,,,,,,
ahn2e,1996-03-04,wraith,mouse & keyboard,player,10775,,2020-01-26;2022-01-23,2,12640.0,2,1,4,,,,,,,,,
AhnuG,1999-05-08,crypto;bloodhound,mouse & keyboard,,6600,,,,,,,,,,,,,,,,
aidanthedestroye,,,mouse & keyboard,player,,,2021-08-15;2022-03-16,1,6060.0,0,1,2,,,,,,,,,
Aimbot,2003-02-20,wraith,mouse & keyboard,player,,,2021-04-12;2022-01-23,1,9275.31,1,2,0,,,,,,,,,
aimbotmachin3,,gibraltar,mouse & keyboard,player,8400,,2019-03-13;2022-01-15,3,41022.0,2,5,5,,,,,,,,,
AirSaaan,1997-05-04,wattson;crypto,mouse & keyboard,player,5675,,2019-04-02;2021-05-01,2,18322.0,3,8,3,,,,,,,,,
aizer,,wraith;wattson,mouse & keyboard,,2290,aizerwi,,,,,,,,,,,,,,,
Ak1to,1998-12-18,wraith,mouse & keyboard,player,6305,,2019-08-30;2022-02-17,3,5831.0,8,4,2,,,,,,,,,
Aka,1999-04-02,pathfinder;bloodhound,mouse & keyboard,player,,,2019-07-16;2021-05-28,2,15473.0,1,0,1,,,,,,,,,
akeu,2003-04-23,lifeline;wraith,mouse & keyboard,player,,,2019-05-17;2019-08-03,0,0.0,2,1,0,,,,,,,,,
Akim4XD,1996-11-30,,mouse & keyboard,,1370,Akim,,,,,,,,,,,,,,,
Aladdin,08-02,,mouse & keyboard,player,,,2019-05-18;2019-12-15,0,0.0,0,2,1,,,,,,,,,
Albralelie,2000-09-13,valkyrie;octane,mouse & keyboard,player,12210,,2019-03-02;2022-03-22,3,399030.0,34,15,17,,,,,,,,,
Aldgia,,,mouse & keyboard,player;coach,,,2019-08-22;2020-06-09,1,500.0,1,0,0,,,,2019-08-22;2020-06-09,1,500.0,0,0,0
AlejandroSuntay,,lifeline;pathfinder,mouse & keyboard,player,,,2019-04-13;2019-09-29,0,6405.0,0,1,0,,,,,,,,,
Alelu,1997-10-26,wraith,mouse & keyboard,player;talent,4940,,2019-08-30;2022-03-17,3,18285.0,7,4,11,2020-10-04;2022-03-27,2,63,,,,,,
AlexDoubleU,1999-03-08,pathfinder;bangalore,mouse & keyboard,,,,,,,,,,,,,,,,,,
Alhdar,,,,player,650,,2020-06-30;2022-01-22,2,5141.0,2,0,0,,,,,,,,,
alkaliion,,pathfinder,mouse & keyboard,player,5735,,2020-01-26;2020-09-12,0,18580.0,2,0,5,,,,,,,,,
Almaynx,,,mouse & keyboard,player,7210,,2019-08-25;2020-10-21,1,3142.0,1,2,1,,,,,,,,,
AlpaN,1996-06-15,,mouse & keyboard,player;coach,4445,,2019-08-15;2021-04-25,2,1213.0,3,1,0,,,,2020-11-01;2022-01-23,2,8620.0,0,0,0
AlphaDraft,,valkyrie,controller,,,,,,,,,,,,,,,,,,
Altruli,1996-11-11,caustic;pathfinder,mouse & keyboard,player,5910,Altruli777,2019-05-06;2021-07-25,2,3474.0,4,3,3,,,,,,,,,
Amaazz,1999-08-15,wraith,mouse & keyboard,player,7745,,2019-04-20;2022-02-24,3,53461.0,4,5,5,,,,,,,,,
Anbu,2000-03-25,wraith,mouse & keyboard,player,460,BananaBread49,2019-09-11;2020-04-06,1,3097.0,0,0,0,,,,,,,,,
AndreStrong,1997-06-06,crypto,mouse & keyboard,player,2700,,2020-04-06;2021-06-10,1,2150.0,0,1,1,,,,,,,,,
Android_Dream,1995-06-29,wraith;pathfinder;bangalore,mouse & keyboard,player,1340,,2019-03-22;2021-05-01,2,1500.0,0,0,0,,,,,,,,,
AndyJax,,gibraltar,controller,player,120,,2021-02-28;2022-03-20,1,3617.0,5,1,3,,,,,,,,,
Anemone,2000-12-28,wraith;gibraltar,mouse & keyboard,player,9485,,2020-04-04;2021-12-26,1,12315.0,3,3,4,,,,,,,,,
Anorak,1997-10-13,bloodhound;gibraltar;caustic,mouse & keyboard,player,4080,,2020-05-02;2021-04-25,1,300.0,0,0,0,,,,,,,,,
Anrchxy,2002-06-25,lifeline;wattson,mouse & keyboard,player,630,,2019-04-26;2020-04-06,1,450.0,1,0,2,,,,,,,,,
Ansvar,1992-02-20,,mouse & keyboard,,,AAnsvar,,,,,,,,,,,,,,,
Antzii,1999-04-20,wraith,controller,player,,Strictly,2020-07-26;2022-03-21,2,2720.0,3,5,4,,,,,,,,,
Anyxii,,,mouse & keyboard,player,3310,,2019-12-08;2021-11-01,2,2970.0,0,1,1,,,,,,,,,
Aono,,,mouse & keyboard,player,,Qingye,2021-06-17;2022-01-20,1,12862.0,5,2,3,,,,,,,,,
apexSQL,1998-06-22,wattson;revenant;pathfinder,mouse & keyboard,player,14005,,2019-03-09;2022-01-20,3,83282.0,9,10,8,,,,,,,,,
Appraiser,,octane,mouse & keyboard,player,7575,,2019-08-25;2022-01-09,3,13669.0,2,1,5,,,,,,,,,
apriaN,1998-04-11,wattson;wraith;bloodhound,mouse & keyboard,,,,,,,,,,,,,,,,,,
Apryze,1999-01-19,caustic,mouse & keyboard,player,,,2020-06-28;2022-03-21,2,48710.0,1,3,3,,,,,,,,,
Archerzgold,,gibraltar,controller,,,,,,,,,,,,,,,,,,
ArMzAdOg,1995-03-11,pathfinder;gibraltar;wattson,mouse & keyboard,player,2620,,2020-01-26;2020-09-15,0,0.0,0,0,0,,,,,,,,,
artiNN1,1999-10-23,wraith;octane,mouse & keyboard,player,11285,,2019-06-16;2022-03-14,3,216400.0,28,10,8,,,,,,,,,
ArTiXeNN,1998-03-11,pathfinder;wraith,mouse & keyboard,player,1540,ArTiXeNN,2019-03-03;2021-07-22,2,395.0,3,2,0,,,,,,,,,
Artyco,1995-09-26,gibraltar,mouse & keyboard,player,8545,,2019-03-13;2022-01-22,3,171393.0,13,15,10,,,,,,,,,
Aru,,wraith,mouse & keyboard,player,2090,aruog,2020-03-21;2022-03-20,2,4200.0,0,0,1,,,,,,,,,
Asanagi_Sio,12-26,valkyrie,mouse & keyboard,player,,,2021-01-28;2022-01-29,1,472.0,0,1,4,,,,,,,,,
Ashes,2000-03-05,gibraltar,mouse & keyboard,player,6760,,2019-10-31;2022-01-23,3,12323.0,1,0,4,,,,,,,,,
ASKYY,1995-01-29,wattson;gibraltar,mouse & keyboard,player,7000,,2019-03-03;2022-03-20,3,19081.0,7,4,3,,,,,,,,,
asleep,2000-07-18,bloodhound;pathfinder,mouse & keyboard,player,3595,,2020-06-21;2022-03-14,2,2278.0,1,5,4,,,,,,,,,
Assassin_47,2000-12-26,,mouse & keyboard,,,,,,,,,,,,,,,,,,
AsSen,,,mouse & keyboard,,,,,,,,,,,,,,,,,,
Assert,2001-04-10,,mouse & keyboard,player,250,1Assert,2019-03-02;2020-05-31,1,19095.0,1,1,1,,,,,,,,,
assiikun,1997-09-27,,mouse & keyboard,player;coach,,4ssii,2021-06-29;2021-06-29,0,0.0,0,0,0,,,,2021-01-28;2022-02-06,1,8544.0,1,0,0
Asura,1997-06-26,wraith;octane,controller,player,10060,Pride,2019-04-03;2022-03-23,3,57514.0,11,12,14,,,,,,,,,
Atrosty,2003-08-24,wraith;gibraltar,controller,player,6000,,2020-08-15;2021-09-11,1,24612.0,8,3,2,,,,,,,,,
Attune,1997-01-13,,mouse & keyboard,player,,,2019-07-10;2019-12-12,0,0.0,0,0,0,,,,,,,,,
Aurora,2001-07-30,wraith;pathfinder,mouse & keyboard,player,5205,Vulgar,2020-03-21;2022-01-09,2,4023.0,1,2,1,,,,,,,,,
AvadoN,1996-02-09,caustic,mouse & keyboard,player,7980,,2020-03-21;2022-01-28,2,12480.0,0,1,2,,,,,,,,,
Aves,,gibraltar,controller,player,4905,Itz_Aves,2020-05-31;2022-03-11,2,2780.0,1,5,10,,,,,,,,,
Avi,,pathfinder;mirage;bangalore,mouse & keyboard,player,,,2019-04-20;2019-07-07,0,1179.0,0,1,2,,,,,,,,,
avlis,1997-11-08,pathfinder,mouse & keyboard,player,7335,,2019-05-18;2021-03-27,2,12360.0,3,0,3,,,,,,,,,
Axbak,,,mouse & keyboard,player;coach,1190,,2020-01-26;2022-01-16,2,6575.0,2,1,1,,,,2021-08-15;2022-01-16,1,2272.0,1,0,0
Azazel,2003-01-27,,mouse & keyboard,player,2130,Zel,2021-02-28;2022-03-14,1,35566.0,1,5,1,,,,,,,,,
Azee,,,mouse & keyboard,,,,,,,,,,,,,,,,,,
Azmaz,,,mouse & keyboard,,,,,,,,,,,,,,,,,,
AZu,,gibraltar,mouse & keyboard,player,,uZA;azu2tap,2019-03-16;2022-03-13,3,9380.0,2,5,4,,,,,,,,,
Azzy,1995-05-18,lifeline;wraith;bangalore,mouse & keyboard,player,100,Azzybear,2019-04-17;2020-01-27,1,0.0,0,1,1,,,,,,,,,
B4mbino,2001-10-30,crypto;wattson,mouse & keyboard,player,5710,,2020-04-20;2022-03-20,2,15188.0,3,0,4,,,,,,,,,
Badoli,2000-09-29,pathfinder,mouse & keyboard,,7525,,,,,,,,,,,,,,,,
Baker,1995-10-30,wraith;wattson,mouse & keyboard,player,1660,,2019-03-08;2021-11-01,2,3545.0,0,3,1,,,,,,,,,
Bakky,,,mouse & keyboard,player;coach,,,2020-03-21;2020-03-21,0,0.0,0,0,0,,,,2020-12-06;2021-06-23,1,10981.0,4,3,0
BallonG,1995-02-20,wraith;gibraltar,mouse & keyboard,player,7410,,2019-03-22;2021-10-11,2,43834.0,0,5,6,,,,,,,,,
BanterStorm,1998-06-26,pathfinder,mouse & keyboard,player,7405,,2019-06-09;2021-12-05,2,18510.0,1,2,5,,,,,,,,,
BAPE5,2000-08-20,wraith;gibraltar,mouse & keyboard,player,680,,2019-11-27;2022-02-20,3,609.0,3,1,0,,,,,,,,,
Barkadij,1994-06-06,wraith,mouse & keyboard,player,550,,2019-12-08;2021-07-29,2,550.0,1,1,1,,,,,,,,,
Barroth,2000-12-21,gibraltar,mouse & keyboard,player,,,2021-04-01;2022-01-16,1,6481.0,1,1,0,,,,,,,,,
Bastiaan,2000-12-07,wraith,mouse & keyboard,player,5950,BastiaanJw,2020-01-26;2022-02-20,2,11280.0,6,9,2,,,,,,,,,
Bazzi,1998-11-07,,mouse & keyboard,,1270,Aquila,,,,,,,,,,,,,,,
bborton,1999-12-12,,mouse & keyboard,player,3060,,2019-05-31;2022-03-21,3,3000.0,3,2,2,,,,,,,,,
BBursty,,gibraltar,controller,player,,,2020-11-03;2022-03-23,2,1130.0,1,5,3,,,,,,,,,
BcJ,2000-07-04,,mouse & keyboard,player,2700,,2019-03-09;2022-02-22,3,45331.0,5,4,4,,,,,,,,,
bean,04-02,,mouse & keyboard,player;talent,740,Beann,2019-04-20;2021-05-08,2,100.0,0,1,0,2020-10-09;2022-03-11,2,22,,,,,,
bear,2001-03-16,,mouse & keyboard,talent,,,,,,,,,2020-05-09;2022-03-28,2,31,,,,,,
BeaTzPB,1999-05-26,pathfinder;wattson,mouse & keyboard,player,3985,,2020-05-30;2020-09-13,0,1860.0,0,0,1,,,,,,,,,
BeiBei,1999-10-31,gibraltar,mouse & keyboard,player,900,beibeida,2020-05-30;2022-01-22,2,15687.0,4,9,8,,,,,,,,,
Beilin,,wraith,mouse & keyboard,player,,,2019-03-02;2019-11-14,0,0.0,1,0,0,,,,,,,,,
believerok,2000-03-26,crypto;loba,mouse & keyboard,,3730,,,,,,,,,,,,,,,,
Bellkun,2002-05-30,wraith;octane,mouse & keyboard,player,11770,Bellkunx_,2019-08-25;2022-02-20,3,28249.0,9,8,9,,,,,,,,,
BenMF,,lifeline;wraith;bangalore,mouse & keyboard,player,,,2019-03-26;2019-06-09,0,672.0,0,2,1,,,,,,,,,
Besiak,2001-09-18,pathfinder,mouse & keyboard,player,370,,2020-04-20;2021-07-22,1,120.0,0,0,1,,,,,,,,,
Besk9,2000-04-30,gibraltar,mouse & keyboard,player,11835,,2020-01-26;2022-03-14,2,217510.0,28,8,9,,,,,,,,,
BigEKnows,,,mouse & keyboard,player,,,2019-02-17;2019-05-31,0,23.0,1,1,0,,,,,,,,,
Bigzzy,2001-02-22,gibraltar;caustic,mouse & keyboard,player,10350,BigzzyX_,2019-08-25;2022-02-20,3,39043.0,7,4,6,,,,,,,,,
Bin,,pathfinder,mouse & keyboard,player,5740,MrBin;B1Nn,2020-08-02;2022-03-14,2,41669.0,11,10,5,,,,,,,,,
bird,1996-04-29,octane,mouse & keyboard,player,,,2019-03-22;2019-12-15,0,5100.0,5,3,3,,,,,,,,,
Birdtv,1994-05-26,pathfinder,mouse & keyboard,player,10890,,2019-10-31;2022-02-20,3,9532.0,4,4,6,,,,,,,,,
Birt,1998-11-20,pathfinder,mouse & keyboard,player,730,,2019-03-05;2020-08-02,1,11486.0,3,2,1,,,,,,,,,
BishUP,1998-11-30,lifeline;wraith;bangalore,mouse & keyboard,player,,bishop,2019-03-05;2019-10-31,0,37.0,0,1,1,,,,,,,,,
BL4CKSzz,,,mouse & keyboard,player,790,,2020-03-21;2022-03-14,2,3253.0,0,1,0,,,,,,,,,
Blasts,2003-03-12,gibraltar;caustic,mouse & keyboard,,4935,BlasT,,,,,,,,,,,,,,,
Blaze,,,mouse & keyboard,talent,,,,,,,,,2019-09-15;2022-02-06,3,10,,,,,,
BleachiM,1998-11-08,crypto;wattson,mouse & keyboard,coach,,CoachMichaelB,,,,,,,,,,2020-01-26;2022-03-17,2,7650.0,7,4,0
Blight,2002-12-04,octane;gibraltar;bloodhound,mouse & keyboard,player,3400,Blightyy;Blightt,2020-01-27;2022-02-06,2,1925.0,2,6,2,,,,,,,,,
blitziin,2001-06-16,wattson,mouse & keyboard,player,3940,,2019-03-02;2022-03-21,3,4830.0,3,8,4,,,,,,,,,
BlueberrySmalls,2000-02-28,,mouse & keyboard,player,420,,2021-02-28;2021-11-04,0,150.0,0,0,0,,,,,,,,,
BlurrFlavorz,2001-01-28,wraith,mouse & keyboard,player,3020,,2020-05-31;2021-12-10,1,3695.0,3,4,4,,,,,,,,,
bNs,1993-10-06,bangalore;wraith,mouse & keyboard,player,1180,,2019-06-16;2020-04-04,1,0.0,0,1,1,,,,,,,,,
BobSappAim,2001-03-04,,mouse & keyboard,player,,,2019-10-17;2022-02-23,3,11591.0,7,1,2,,,,,,,,,
BoLin,2002-12-30,valkyrie,mouse & keyboard,player,,,2020-05-30;2022-03-18,2,3565.0,3,2,3,,,,,,,,,
Boring,,pathfinder,mouse & keyboard,player,,,2020-10-09;2021-12-29,1,3328.0,2,4,0,,,,,,,,,
bouhn,1996-04-28,pathfinder;bloodhound,mouse & keyboard,player,1340,bouhnnn,2019-06-27;2021-04-26,2,0.0,0,0,0,,,,,,,,,
bowswer,1996-10-02,wattson;caustic,mouse & keyboard,player,10920,,2019-04-13;2022-02-24,3,67617.0,8,6,7,,,,,,,,,
Bowzey,2000-10-04,,mouse & keyboard,player;coach,,,2019-11-27;2020-04-02,1,50.0,0,1,0,,,,2019-10-31;2022-02-20,3,15915.0,6,3,0
Brad_Lusher,,,controller,talent,,im_b_rad,,,,,,,2021-06-26;2022-02-11,1,33,,,,,,
Brans,1999-11-20,wraith,mouse & keyboard,,9360,,,,,,,,,,,,,,,,
Brasilian,05-21,horizon;wraith,controller,player,3465,Brasidian,2020-10-09;2022-01-28,2,10650.0,0,0,2,,,,,,,,,
Braver,04-05,gibraltar;loba,mouse & keyboard,player,,Braver45,2021-02-27;2022-01-09,1,2979.0,3,1,0,,,,,,,,,
Bravo,,,mouse & keyboard,talent,,,,,,,,,2019-09-15;2021-07-27,2,24,,,,,,
BreaK,,,mouse & keyboard,player,,,2019-02-12;2019-04-13,0,20300.0,0,0,0,,,,,,,,,
Brenin,,,mouse & keyboard,player,,,2019-03-10;2019-06-12,0,100.0,5,2,0,,,,,,,,,
BrittMarie,1990-02-01,pathfinder;wattson;octane,mouse & keyboard,player,1330,,2019-10-27;2021-09-09,2,35.0,0,1,2,,,,,,,,,
Bronzey,2000-01-24,wraith;ash;valkyrie,mouse & keyboard,player;coach,6950,,2019-02-13;2022-02-22,3,121860.0,12,12,13,,,,2021-12-02;2022-03-23,1,650.0,2,0,0
Bruthaman,1999-06-03,lifeline;pathfinder,mouse & keyboard,player,,,2019-03-06;2019-03-30,0,2168.0,2,1,0,,,,,,,,,
brynn,2001-10-04,wraith;ash,mouse & keyboard,,2400,turbointer23,,,,,,,,,,,,,,,
BulletL,2000-04-15,lifeline;octane;wraith,mouse & keyboard,player,2340,lilcashew,2019-03-22;2022-01-16,3,39541.0,9,6,2,,,,,,,,,
BunnyH0p,,crypto,mouse & keyboard,player,10695,,2019-07-07;2022-01-16,3,46145.0,3,1,4,,,,,,,,,
Buttzyy,1994-12-29,lifeline;pathfinder,mouse & keyboard,,,,,,,,,,,,,,,,,,
Cabbagest,,crypto,mouse & keyboard,player,4675,,2020-01-26;2022-02-05,2,10650.0,0,0,3,,,,,,,,,
CacaLL,2002-11-11,octane,mouse & keyboard,player,10760,Savior,2020-04-04;2022-03-13,2,37801.0,9,14,2,,,,,,,,,
Caffezin,1997-05-16,wattson,mouse & keyboard,player;coach,3945,,2020-06-21;2022-02-15,2,5107.0,4,2,3,,,,2021-06-20;2022-03-14,1,11415.0,1,0,0
Cali,03-04,pathfinder,mouse & keyboard,player,410,Caliburn,2019-03-05;2021-10-25,2,44643.0,3,3,2,,,,,,,,,
Campar,1998-10-11,pathfinder,mouse & keyboard,player,9875,,2019-03-03;2021-01-21,2,30684.0,10,7,5,,,,,,,,,
Capi,,wraith,mouse & keyboard,player,2120,,2019-03-08;2020-05-30,1,4383.0,3,1,4,,,,,,,,,
CaRazorARG,1996-10-31,wraith;bloodhound,mouse & keyboard,player,8700,XFiRAZOR,2019-11-23;2022-01-22,3,31251.0,1,2,3,,,,,,,,,
CarryRubick,1998-11-21,gibraltar,mouse & keyboard,player,2280,,2020-03-23;2022-02-20,2,5614.0,0,2,1,,,,,,,,,
Casper,1993-12-16,,mouse & keyboard,player,6980,,2019-03-02;2021-06-13,2,34490.0,6,3,6,,,,,,,,,
Caspere,1996-09-03,bloodhound,mouse & keyboard,player,1970,,2019-02-17;2021-06-12,2,59.0,1,0,1,,,,,,,,,
Cathryan,1993-09-28,wraith,mouse & keyboard,,9250,,,,,,,,,,,,,,,,
Ceryal,1996-11-17,wraith;wattson;pathfinder,mouse & keyboard,player,3060,,2019-03-05;2022-03-10,3,1875.0,3,4,1,,,,,,,,,
Ch1no,2001-10-27,,,player,650,,2020-06-29;2021-12-05,1,0.0,0,0,0,,,,,,,,,
Chambers,,bloodhound;pathfinder,mouse & keyboard,player,14245,,2019-10-31;2022-01-20,3,155703.0,23,22,12,,,,,,,,,
Chambie,03-09,,mouse & keyboard,player,6685,,2020-01-26;2022-02-16,2,15562.0,5,7,5,,,,,,,,,
ChanceL,,,mouse & keyboard,player,1440,Chance,2019-02-15;2022-03-21,3,500.0,1,2,1,,,,,,,,,
ChaNRiyo,,,mouse & keyboard,,,,,,,,,,,,,,,,,,
Chappie,,,mouse & keyboard,player,,,2019-02-19;2019-03-30,0,17800.0,0,1,0,,,,,,,,,
cheaterboi,02-24,gibraltar,mouse & keyboard,player,740,cheaterboixd,2020-11-25;2022-02-22,2,438.0,1,2,1,,,,,,,,,
Cheeky,04-12,wraith,controller,player,,,2020-11-01;2022-02-23,2,9767.0,12,1,6,,,,,,,,,
chentric,1996-03-30,wattson;gibraltar,mouse & keyboard,player,160,,2020-05-31;2022-01-24,2,1110.0,1,2,1,,,,,,,,,
Chikencio,1999-04-07,lifeline;pathfinder;wraith,mouse & keyboard,player,,,2019-03-18;2022-02-03,3,350.0,1,1,0,,,,,,,,,
chipzy,,,mouse & keyboard,player,400,,2019-03-05;2020-03-23,1,0.0,0,0,0,,,,,,,,,
chocoTaco,1988-09-22,,mouse & keyboard,player,,,2019-02-12;2019-05-23,0,22000.0,0,2,2,,,,,,,,,
Choppadown,,,mouse & keyboard,,,,,,,,,,,,,,,,,,
ChouChuu,,gibraltar,mouse & keyboard,player,320,,2020-01-26;2021-08-28,1,4632.0,4,2,3,,,,,,,,,
Chr1s878,,gibraltar;caustic,mouse & keyboard,player,2710,Xian;cdecde30513,2020-05-30;2022-03-13,2,39070.0,12,8,4,,,,,,,,,
Chris,1999-07-03,,mouse & keyboard,player,,,2019-03-08;2021-05-18,2,1000.0,0,1,0,,,,,,,,,
Chrollo,1995-08-01,lifeline;gibraltar;wraith,mouse & keyboard,,,,,,,,,,,,,,,,,,
Clane,2000-07-14,wraith,controller,player,8270,,2020-05-31;2022-03-23,2,26545.0,7,4,8,,,,,,,,,
Claraphi,2002-01-29,wattson,mouse & keyboard,player,10795,,2019-05-04;2022-03-16,3,79294.0,7,9,9,,,,,,,,,
clawz,1998-03-31,wattson,mouse & keyboard,,3940,,,,,,,,,,,,,,,,
cleaveee,2001-06-14,gibraltar,mouse & keyboard,,4390,ca7r1na;Cleavje-,,,,,,,,,,,,,,,
Clem,1994-08-23,,mouse & keyboard,player,400,JerkChicken,2019-09-15;2020-03-23,1,0.0,0,0,0,,,,,,,,,
Clone,1998-11-04,wraith;wattson,mouse & keyboard,player,2280,,2019-10-31;2022-03-20,3,4525.0,3,2,0,,,,,,,,,
CloNeZERA,,gibraltar,mouse & keyboard,player,3200,,2020-08-02;2022-01-15,2,18134.0,4,4,2,,,,,,,,,
Cody,2001-01-08,octane,mouse & keyboard,player,210,Codddy,2020-07-26;2022-02-01,2,33450.0,6,2,8,,,,,,,,,
ColaTMB,,octane,mouse & keyboard,player,,,2019-03-27;2021-11-01,2,2976.0,0,1,1,,,,,,,,,
Cooller,1986-08-05,,mouse & keyboard,,,COOLLERZ,,,,,,,,,,,,,,,
Cornpops,1995-10-17,bangalore;wraith;lifeline,mouse & keyboard,player,,,2019-03-27;2019-12-15,0,16589.0,1,0,2,,,,,,,,,
Coryyy,2005-01-03,,mouse & keyboard,player,,,2021-04-25;2022-01-14,1,900.0,1,0,0,,,,,,,,,
CPBR,1999-07-01,wraith;ash;valkyrie,mouse & keyboard,player,,Turra,2019-04-21;2022-02-13,3,469.75,2,1,2,,,,,,,,,
Cpt,1999-02-26,gibraltar;caustic,mouse & keyboard,player,14660,,2019-09-10;2022-03-10,3,95610.0,23,11,7,,,,,,,,,
Crank,1999-04-28,,mouse & keyboard,player,,,2019-04-17;2019-09-15,0,0.0,0,0,0,,,,,,,,,
Crazyface,1999-11-26,,mouse & keyboard,player,,,2019-03-16;2022-03-18,3,6500.0,0,0,0,,,,,,,,,
crems,1997-05-02,,mouse & keyboard,player,430,,2019-03-22;2020-04-06,1,0.0,0,0,0,,,,,,,,,
Crewsn,,pathfinder,controller,player,,,2021-03-05;2022-03-23,1,350.0,0,2,5,,,,,,,,,
Crizx,07-08,,mouse & keyboard,player;talent,,,2019-03-26;2021-12-02,2,12189.0,0,0,0,2020-05-09;2021-08-01,1,22,,,,,,
Crook,2004-03-31,wraith;gibraltar,mouse & keyboard,player,2735,qcrook,2020-06-21;2022-03-23,2,29204.0,5,4,8,,,,,,,,,
CrozzoveR,,,mouse & keyboard,player,,,2019-04-18;2019-11-27,0,50.0,1,0,0,,,,,,,,,
CrS,2000-02-21,wraith,mouse & keyboard,player,,,2019-05-31;2019-12-22,0,0.0,1,0,2,,,,,,,,,
Crust,2002-07-09,pathfinder;caustic;gibraltar,mouse & keyboard,player,12800,,2019-03-08;2022-03-22,3,136932.0,8,13,9,,,,,,,,,
Cryptic,1998-01-05,lifeline;bloodhound,mouse & keyboard,player,,,2019-03-26;2019-06-09,0,672.0,0,2,1,,,,,,,,,
CryptiK,,,mouse & keyboard,player,2300,,2019-06-09;2020-05-02,1,11040.0,0,3,0,,,,,,,,,
CUBSKi,1996-08-25,valkyrie,mouse & keyboard,player,10505,,2019-06-30;2022-03-23,3,33345.0,6,4,4,,,,,,,,,
cucubau,1997-08-04,lifeline,mouse & keyboard,player,,QQBAU,2019-03-30;2019-05-30,0,1300.0,2,1,2,,,,,,,,,
Curihara,1999-08-07,gibraltar;revenant,controller,player,5365,,2020-09-11;2022-02-02,2,74667.0,12,6,3,,,,,,,,,
Cybe8,2001-12-09,wattson;pathfinder;gibraltar,mouse & keyboard,,520,,,,,,,,,,,,,,,,
cyian,,,mouse & keyboard,player,,Shino,2021-01-28;2022-01-09,1,41.0,2,1,3,,,,,,,,,
Cyndalive,04-26,,mouse & keyboard,player;talent,,,2020-04-12;2021-07-25,1,0.0,0,0,0,2020-08-21;2021-10-13,1,12,,,,,,
Cynic,1996-07-29,lifeline;pathfinder;bangalore,mouse & keyboard,player,,,2019-03-03;2019-05-30,0,0.0,0,0,1,,,,,,,,,
cYpheR,1990-05-02,,mouse & keyboard,player,,,2019-03-13;2019-04-21,0,16300.0,0,0,2,,,,,,,,,
cyptripio,1994-06-24,pathfinder,mouse & keyboard,player,4060,,2020-05-30;2021-12-05,1,1290.0,0,0,0,,,,,,,,,
Cyqop,,wraith,mouse & keyboard,player,6220,,2019-04-09;2021-09-05,2,58681.0,4,5,1,,,,,,,,,
D4rk,,,mouse & keyboard,coach,,,,,,,,,,,,2020-10-05;2021-12-05,1,11109.0,3,0,0
Daiki,,,mouse & keyboard,player,1940,,2020-05-30;2022-01-09,2,2613.0,0,2,2,,,,,,,,,
Daltoosh,1996-02-08,,controller,player;talent,,,2019-09-29;2021-12-15,2,43650.0,2,1,0,2020-07-19;2021-02-25,1,6,,,,,,
Daniomega,2001-09-17,wraith,mouse & keyboard,player,1790,,2019-04-21;2022-03-10,3,1908.0,1,2,3,,,,,,,,,
Darkin,1997-07-08,gibraltar;pathfinder,mouse & keyboard,player,850,,2019-10-31;2022-02-06,3,1200.0,0,0,1,,,,,,,,,
Darkside,1997-11-21,,mouse & keyboard,,,,,,,,,,,,,,,,,,
DaStwika,1998-02-18,wattson,mouse & keyboard,player,8585,,2019-08-25;2022-02-10,3,22902.0,11,5,8,,,,,,,,,
DavinCi,1999-11-10,bloodhound,mouse & keyboard,player,2880,,2020-05-30;2021-06-25,1,5281.0,3,1,1,,,,,,,,,
Davsa,1998-10-07,wraith,mouse & keyboard,player,,,2019-03-02;2019-09-15,0,150.0,2,1,1,,,,,,,,,
Daze,,,mouse & keyboard,player,,,2019-03-03;2019-04-07,0,674.0,0,0,0,,,,,,,,,
Dazoh,2001-06-25,wraith;bloodhound;gibraltar,controller,,3185,,,,,,,,,,,,,,,,
Dazs,1991-07-05,,mouse & keyboard,player;talent,650,,2019-09-11;2020-11-23,1,1701.0,0,0,0,2020-12-19;2021-11-10,1,10,,,,,,
Dcop,1998-07-27,pathfinder;wraith,mouse & keyboard,player,970,,2019-03-15;2021-03-07,2,4700.0,4,0,2,,,,,,,,,
DcTzr,2001-10-14,wraith;bangalore,mouse & keyboard,player,1790,,2019-03-11;2021-12-05,2,5069.0,3,1,3,,,,,,,,,
ddk,1988-05-11,,mouse & keyboard,talent,,dadoka,,,,,,,2019-05-31;2019-08-03,0,10,,,,,,
Deft,,wraith,mouse & keyboard,player,1390,,2019-05-04;2020-04-04,1,6650.0,3,3,0,,,,,,,,,
demotivator,1990-06-25,bloodhound;pathfinder,mouse & keyboard,player,7185,Demoqt,2020-03-21;2021-10-11,1,7310.0,0,1,1,,,,,,,,,
Denpride,1998-02-22,wattson,mouse & keyboard,player;coach,8750,,2019-09-15;2022-01-15,3,46828.0,4,3,5,,,,2022-03-11;2022-03-11,0,500.0,0,0,0
Denzaay,,wraith,mouse & keyboard,,5515,,,,,,,,,,,,,,,,
Dero,1998-11-28,gibraltar,mouse & keyboard,player,8070,Dvinsm,2020-06-21;2021-12-05,1,6765.0,4,4,6,,,,,,,,,
Desertuk,1998-07-08,wraith;pathfinder;lifeline,mouse & keyboard,player,850,,2019-03-17;2022-02-16,3,6623.0,3,3,2,,,,,,,,,
Despe,,,mouse & keyboard,player,,,2019-03-30;2019-09-15,0,3949.0,0,1,1,,,,,,,,,
DeX,1997-04-21,wraith;crypto,mouse & keyboard,player,9085,Selvy;ZerG;JaeGeun;uNix;rutzi,2019-07-10;2022-01-23,3,21941.0,3,4,4,,,,,,,,,
Dexter,2002-10-19,wraith,mouse & keyboard,player,14265,,2019-07-03;2022-01-20,3,148963.0,25,21,12,,,,,,,,,
dexyuku,1990-07-11,,mouse & keyboard,player;coach,,,2020-08-14;2022-02-05,2,5535.0,3,3,1,,,,2020-03-21;2022-01-23,2,94311.0,5,6,0
Dezignful,1999-04-19,pathfinder;gibraltar,controller,player,13015,,2019-03-30;2022-03-23,3,180531.65,20,12,13,,,,,,,,,
DiA,,,mouse & keyboard,talent,,,,,,,,,2021-03-20;2022-03-16,1,57,,,,,,
Dictator,1996-05-08,wraith,mouse & keyboard,player,4730,She6oOn,2019-11-30;2020-11-21,1,11160.0,2,2,0,,,,,,,,,
Dids,1997-03-11,wattson;pathfinder,mouse & keyboard,player,870,,2019-03-11;2022-01-19,3,600.0,1,0,2,,,,,,,,,
diegosaurs,1996-08-12,,mouse & keyboard,player,,,2019-04-17;2021-12-15,2,0.0,1,1,0,,,,,,,,,
Diffauss,1999-04-24,gibraltar,mouse & keyboard,player,1100,,2019-12-08;2021-05-13,2,368.0,0,3,0,,,,,,,,,
diffq,1996-10-28,octane;wraith;pathfinder,mouse & keyboard,player,3765,diff,2020-05-03;2022-01-14,2,96948.0,0,2,6,,,,,,,,,
Diimas,,,mouse & keyboard,,270,,,,,,,,,,,,,,,,
Dimi,,pathfinder,mouse & keyboard,player,,,2021-03-18;2022-03-23,1,8960.0,1,4,3,,,,,,,,,
Dipities,1996-08-22,horizon;pathfinder,mouse & keyboard,player,3060,,2019-04-26;2022-03-10,3,5749.0,2,5,4,,,,,,,,,
dizzy,2000-05-19,wraith,mouse & keyboard,player,,,2019-02-12;2021-02-05,2,246508.0,11,3,3,,,,,,,,,
DizzyMizLizyy,1994-07-26,wraith;gibraltar,mouse & keyboard,player,10555,,2020-04-04;2022-02-05,2,76471.0,4,12,9,,,,,,,,,
DjTalica,1998-01-31,pathfinder;wraith;bangalore,mouse & keyboard,player,,,2019-03-26;2019-06-09,0,672.0,0,2,1,,,,,,,,,
DKzeera,,crypto,mouse & keyboard,player,1300,,2020-05-30;2021-12-19,1,2323.0,0,0,0,,,,,,,,,
Dodge,1998-06-11,pathfinder;wraith;lifeline,mouse & keyboard,player,5295,C10Dodge;Shift,2019-04-12;2021-12-05,2,12195.0,3,1,2,,,,,,,,,
Dogma,1997-07-03,octane;wraith,mouse & keyboard,,13575,,,,,,,,,,,,,,,,
Don,1995-07-06,,mouse & keyboard,player,,DonG;LilDoN;tenholes8429,2019-04-26;2019-10-31,0,0.0,0,0,0,,,,,,,,,
DoomMVP,2004-07-06,bloodhound,mouse & keyboard,player,6740,DoomMVP,2020-07-26;2022-02-20,2,11820.0,6,11,3,,,,,,,,,
dooplex,1996-07-31,gibraltar,mouse & keyboard,player,4465,,2020-05-31;2022-03-23,2,88411.0,14,14,15,,,,,,,,,
Double0negative,,loba;gibraltar,mouse & keyboard,player,380,,2020-06-17;2022-03-21,2,400.0,0,2,0,,,,,,,,,
DOYOUKNOWDOO,,,mouse & keyboard,player;coach,,DOO;Xoo,2021-04-25;2022-01-23,1,2800.0,0,1,0,,,,2021-05-21;2021-07-26,0,45.0,1,0,0
DRAM4H,1999-03-29,bloodhound;pathfinder,controller,player,8110,Dramaaah,2020-04-04;2022-01-15,2,30260.0,2,1,2,,,,,,,,,
Dreadnaught,1991-12-29,,mouse & keyboard,talent,,,,,,,,,2019-02-12;2020-02-21,1,17,,,,,,
Drenzi,,,mouse & keyboard,player,,,2019-03-15;2019-05-31,0,1850.0,3,0,1,,,,,,,,,
Dresavx,,bloodhound,controller,player,,,2021-05-20;2022-03-16,1,980.0,1,4,3,,,,,,,,,
Dropped,1999-08-31,gibraltar;wattson,mouse & keyboard,player,12120,,2019-03-24;2022-03-22,3,213907.0,20,9,13,,,,,,,,,
dsblf,1993-02-01,crypto,mouse & keyboard,,5455,,,,,,,,,,,,,,,,
dummy,,,mouse & keyboard,player,,,2019-03-30;2020-03-26,1,0.0,0,0,0,,,,,,,,,
Duvan,2000-03-13,wraith,mouse & keyboard,player,5130,,2020-04-04;2021-01-31,1,9750.0,1,0,1,,,,,,,,,
Dēcapitāre,2000-05-27,,mouse & keyboard,player;coach,,,2019-04-20;2021-12-30,2,2529.0,1,0,0,,,,2019-04-20;2021-12-30,2,2529.0,0,0,0
Edah,2001-02-20,wraith;pathfinder,mouse & keyboard,player,1820,,2019-02-13;2021-10-19,2,1500.0,1,1,1,,,,,,,,,
Eden,1999-07-22,,controller,,650,xEden07,,,,,,,,,,,,,,,
Eiwiin,1996-05-31,gibraltar;wattson;pathfinder,mouse & keyboard,player,1250,,2020-02-01;2022-02-06,2,780.0,0,0,0,,,,,,,,,
Elfishguy,1994-08-30,,mouse & keyboard,talent,,,,,,,,,2021-01-31;2022-03-27,1,10,,,,,,
Elicit,2000-07-06,,mouse & keyboard,player,,Bearmobile,2019-04-03;2019-04-21,0,0.0,0,1,1,,,,,,,,,
Ellish,2000-09-16,wraith,mouse & keyboard,player,1620,Ellish,2020-05-30;2021-07-17,1,35.0,0,0,0,,,,,,,,,
Elysium,1998-08-10,wraith;pathfinder,controller,player,6615,,2020-10-05;2022-03-14,2,114678.0,20,4,6,,,,,,,,,
EMEF,2000-04-12,gibraltar;wraith;pathfinder,mouse & keyboard,coach,,,,,,,,,,,,2020-02-01;2022-03-17,2,66819.0,2,1,0
Emersons,1999-07-11,wattson;gibraltar;revenant,mouse & keyboard,player,740,,2019-10-31;2022-03-02,3,3627.0,3,4,3,,,,,,,,,
EMILIAZII,1995-10-20,wraith,mouse & keyboard,player,10535,,2019-10-31;2022-01-20,3,46083.0,1,3,4,,,,,,,,,
Emtee,2000-03-17,wraith,mouse & keyboard,player,12420,,2019-03-03;2022-01-16,3,97460.0,16,12,24,,,,,,,,,
ErycYoo,2002-11-20,octane;seer,mouse & keyboard,player,,Eryc;EricYoo;SherRan,2020-12-19;2021-10-13,1,864.0,0,2,3,,,,,,,,,
Esdesu,1996-04-13,gibraltar,mouse & keyboard,,5150,,,,,,,,,,,,,,,,
EsProxy,12-19,,mouse & keyboard,talent,,,,,,,,,2021-04-18;2022-04-03,1,5,,,,,,
Eternal,1998-09-14,wraith;wattson,mouse & keyboard,player;coach,3755,,2019-04-28;2021-09-12,2,0.0,0,2,1,,,,2021-12-05;2021-12-05,0,0.0,0,0,0
Etheriia,1996-10-02,,mouse & keyboard,player,,,2019-03-05;2019-08-01,0,0.0,1,0,0,,,,,,,,,
Euriece,2003-08-12,pathfinder;gibraltar,mouse & keyboard,player,8655,,2020-04-06;2022-03-22,2,72937.0,6,14,6,,,,,,,,,
EVERMORE2,,,mouse & keyboard,player;coach,260,,2019-07-10;2021-04-11,2,0.0,0,1,0,,,,2021-01-26;2021-12-05,0,4281.0,0,0,0
evokje,1994-05-23,,mouse & keyboard,player,,,2019-03-27;2022-03-20,3,4336.0,3,5,3,,,,,,,,,
evzy,1995-10-04,wattson;octane,mouse & keyboard,player,10595,,2019-03-23;2022-03-16,3,51149.0,14,6,6,,,,,,,,,
Exens,1996-01-13,pathfinder;wraith,mouse & keyboard,,1830,,,,,,,,,,,,,,,,
Exile,1997-08-11,wraith;octane,mouse & keyboard,player,1510,Exileew,2019-10-31;2021-12-05,2,1230.0,3,2,3,,,,,,,,,
Exko,,octane;pathfinder;bangalore,mouse & keyboard,player,,,2019-04-17;2019-09-15,0,0.0,1,0,1,,,,,,,,,
eytiiN,1998-06-30,wraith,mouse & keyboard,player,230,,2020-05-03;2022-03-20,2,1928.0,0,0,2,,,,,,,,,
EzFlash,,gibraltar,mouse & keyboard,player,6595,EzFlashKIDZ,2020-01-26;2022-02-20,2,19005.0,8,11,5,,,,,,,,,
eziiie,2003-09-01,wraith,mouse & keyboard,player,500,eziie,2020-07-15;2022-03-20,2,1085.0,0,1,1,,,,,,,,,
Faenex,1997-04-26,wraith,mouse & keyboard,,2535,,,,,,,,,,,,,,,,
Faide,2000-11-07,wraith,mouse & keyboard,player,2390,,2019-10-31;2021-06-13,2,2400.0,0,1,1,,,,,,,,,
Falloutt,1992-09-30,,mouse & keyboard,talent,,,,,,,,,2019-09-15;2022-03-27,3,60,,,,,,
Farmerlucas,2001-05-20,wraith,mouse & keyboard,player,3070,Lucas,2020-04-20;2022-02-20,2,15359.0,4,4,6,,,,,,,,,
FatFruitNinja,2000-05-10,crypto;wraith,mouse & keyboard,player,2550,,2019-10-31;2022-03-08,3,6180.0,1,3,1,,,,,,,,,
FATTMONSTER,1999-06-14,bloodhound,controller,player,580,,2020-07-18;2022-01-16,2,6027.0,3,6,4,,,,,,,,,
FeiJu,,,mouse & keyboard,player,1010,,2020-05-30;2022-01-20,2,18232.0,9,4,3,,,,,,,,,
felipiant,2003-04-27,gibraltar;wraith,mouse & keyboard,player,1350,,2020-03-21;2022-01-15,2,3753.0,0,1,0,,,,,,,,,
FenDiiLYZ,1999-07-05,gibraltar,mouse & keyboard,player,1630,FenDiiLYZ;LYZ,2019-07-07;2021-12-05,2,5220.0,0,1,0,,,,,,,,,
feu,,,mouse & keyboard,player,1620,FEU,2020-05-02;2022-01-15,2,6353.0,1,0,2,,,,,,,,,
Finest,1998-02-23,wraith;octane,mouse & keyboard,player,,,2019-03-18;2021-05-07,2,0.0,0,0,1,,,,,,,,,
Finicki,1995-07-29,,controller,player,2230,,2019-10-06;2021-10-04,2,595.0,2,1,4,,,,,,,,,
FiReMaNNN,,pathfinder,mouse & keyboard,,580,,,,,,,,,,,,,,,,
Firo,,,mouse & keyboard,player,2230,oklahoma,2020-10-04;2021-02-22,1,1500.0,0,1,0,,,,,,,,,
fitoo,1998-05-24,bloodhound;crypto;wattson,mouse & keyboard,,1280,fitoohhh,,,,,,,,,,,,,,,
Fixzao,,,mouse & keyboard,player,1520,ffix,2020-05-02;2021-12-05,1,6600.0,2,0,0,,,,,,,,,
Fjeldern,1996-06-12,wattson,mouse & keyboard,player,1280,,2019-03-22;2020-05-09,1,10910.0,0,0,1,,,,,,,,,
fLameShotx,,wraith,mouse & keyboard,player,2070,,2020-03-21;2022-01-09,2,369.0,1,4,0,,,,,,,,,
Flanker,1998-07-03,caustic;bloodhound,mouse & keyboard,player,12745,,2019-03-02;2022-02-02,3,81806.0,15,9,11,,,,,,,,,
Flaws,,,,player,2850,,2019-03-31;2022-03-13,3,571.0,2,2,1,,,,,,,,,
Fleeky_af,1997-12-06,gibraltar,mouse & keyboard,,1140,,,,,,,,,,,,,,,,
Fleow,,wattson;caustic,mouse & keyboard,player,5350,,2020-05-02;2021-04-11,1,797.0,1,1,0,,,,,,,,,
Fokarn,2001-08-07,wraith;pathfinder,mouse & keyboard,player,1910,Aiiiao,2019-06-27;2022-02-24,3,790.0,0,1,1,,,,,,,,,
FOLKZ,1995-04-28,pathfinder,mouse & keyboard,player,4455,,2020-01-26;2021-12-05,1,495.0,0,1,1,,,,,,,,,
Folti,1994-08-20,octane,mouse & keyboard,player,900,,2020-03-23;2022-02-02,2,9277.0,1,1,1,,,,,,,,,
Forcee,1992-12-02,wattson;gibraltar;bloodhound,mouse & keyboard,player,2590,,2019-04-13;2022-03-23,3,12322.0,1,7,3,,,,,,,,,
Forsak3n,1995-12-26,pathfinder;gibraltar,mouse & keyboard,player,1280,,2019-04-03;2021-12-05,2,10710.0,0,1,0,,,,,,,,,
FoxieGG,,,mouse & keyboard,player,400,,2019-03-05;2020-03-23,1,0.0,0,0,0,,,,,,,,,
foZej,1993-02-01,wraith,mouse & keyboard,player,5730,,2020-03-21;2021-09-13,1,16813.0,4,2,4,,,,,,,,,
FRANxx,,wraith,controller,player,,ECLAlR7,2021-04-25;2022-01-28,1,8926.0,1,0,2,,,,,,,,,
Frapper,2001-04-21,gibraltar,mouse & keyboard,player,3450,,2019-11-09;2021-12-11,2,635.0,0,3,1,,,,,,,,,
Fratis,1997-07-30,wraith;caustic,mouse & keyboard,player,7970,,2019-11-22;2022-01-09,3,1590.0,1,2,1,,,,,,,,,
frazi,,crypto,mouse & keyboard,player,1620,frazigames,2020-03-21;2022-03-14,2,3253.0,0,1,0,,,,,,,,,
freddo,1997-05-24,,mouse & keyboard,player,,,2019-02-23;2019-08-22,0,300.0,1,1,0,,,,,,,,,
FreeD,,gibraltar,mouse & keyboard,player,1400,,2019-11-14;2021-07-18,2,2400.0,0,0,0,,,,,,,,,
FRESHY,1991-06-07,lifeline;pathfinder;wraith,mouse & keyboard,player,220,,2019-03-22;2020-02-01,1,0.0,0,0,0,,,,,,,,,
Frexs,1994-04-18,,controller,player,13100,,2019-02-19;2022-03-22,3,140944.0,14,14,9,,,,,,,,,
Frogz,,,controller,player,,,2021-05-05;2022-03-14,1,10900.0,1,1,1,,,,,,,,,
Frostybee,1999-06-01,wraith,mouse & keyboard,player,1570,,2020-01-26;2020-04-18,0,146.0,0,0,1,,,,,,,,,
Ftyan,2000-04-08,wraith,mouse & keyboard,,10315,,,,,,,,,,,,,,,,
Fubuki,,,mouse & keyboard,player,,Sabaki,2021-04-11;2021-07-19,0,0.0,0,1,1,,,,,,,,,
fuinhaFPS,1996-12-10,caustic,mouse & keyboard,player,6380,,2020-06-21;2022-01-15,2,21172.0,8,4,3,,,,,,,,,
FunFPS,1997-06-26,gibraltar,mouse & keyboard,player,3270,,2019-03-04;2022-03-23,3,71286.0,5,8,4,,,,,,,,,
Funk,1995-06-24,gibraltar;wraith,mouse & keyboard,player,3070,FunkMastaaa;BigChunkFunk;Funkk,2019-03-15;2021-11-22,2,2360.0,1,4,3,,,,,,,,,
Furaru,,,mouse & keyboard,player,4390,,2020-04-18;2021-02-21,1,1500.0,0,1,0,,,,,,,,,
Furen,1996-11-25,wraith;bangalore,mouse & keyboard,player,,,2019-05-04;2019-12-22,0,150.0,1,0,1,,,,,,,,,
Fury,1999-05-17,wraith;wattson,mouse & keyboard,player,6920,,2019-03-23;2022-03-23,3,28299.0,13,10,18,,,,,,,,,
Fussy,2003-01-07,gibraltar;valkyrie,controller,player,,,2021-04-20;2021-12-16,0,47.0,0,2,0,,,,,,,,,
FuTuRe,2001-04-15,pathfinder;wraith,mouse & keyboard,player,,,2019-03-06;2019-11-27,0,2168.0,2,2,1,,,,,,,,,
Fyzu,1995-02-15,gibraltar,mouse & keyboard,player,6850,,2019-03-17;2021-12-05,2,9995.0,3,6,3,,,,,,,,,
Fzr,01-15,,,player,980,FzR,2020-08-09;2022-01-23,2,6763.0,0,1,0,,,,,,,,,
G0_Zh,2002-09-28,crypto,mouse & keyboard,player,340,,2020-05-03;2022-02-20,2,0.0,0,0,0,,,,,,,,,
G0PGAP,2001-05-27,pathfinder;bloodhound,mouse & keyboard,player,13550,,2020-03-21;2022-02-20,2,65399.0,19,12,10,,,,,,,,,
G7Dank,2001-03-11,bloodhound;gibraltar;wraith,controller,player,710,,2020-12-17;2022-03-15,2,5673.0,2,8,7,,,,,,,,,
Gabe,2001-06-08,gibraltar;pathfinder,mouse & keyboard,player,,Ponyy,2019-05-31;2019-12-22,0,0.0,1,0,2,,,,,,,,,
Gabeismon,1994-06-07,,mouse & keyboard,player,1430,Gabeismom,2019-03-27;2020-08-02,1,6492.0,1,3,0,,,,,,,,,
Gabonito,,,mouse & keyboard,player,200,,2020-05-30;2021-06-05,1,1548.0,0,0,0,,,,,,,,,
Gaijin,1998-06-13,wraith;gibraltar;wattson,mouse & keyboard,player,3985,ArMzAdOg,2020-01-26;2021-12-05,1,870.0,0,2,1,,,,,,,,,
Galatorix,,lifeline;wattson,mouse & keyboard,player,2710,,2019-03-15;2021-11-22,2,2388.75,0,4,5,,,,,,,,,
Gallardd,,wraith,mouse & keyboard,player,4630,NYAAA-DESUNE,2019-03-13;2020-10-31,1,3394.0,1,3,2,,,,,,,,,
Ganjo,,wraith,mouse & keyboard,,,,,,,,,,,,,,,,,,
GaRpY,1985-11-08,bloodhound;pathfinder;lifeline,mouse & keyboard,player,170,,2019-03-11;2020-03-23,1,6600.0,2,1,0,,,,,,,,,
Gaskin,07-05,,mouse & keyboard,talent,,,,,,,,,2019-09-15;2022-03-27,3,29,,,,,,
GathaN,1990-06-19,gibraltar,mouse & keyboard,player,1960,,2020-01-26;2020-11-06,0,146.0,0,0,1,,,,,,,,,
GatoK4,1998-05-27,wraith;pathfinder;bangalore,mouse & keyboard,player,2250,,2019-03-10;2021-12-05,2,2220.0,1,2,2,,,,,,,,,
Gaxalies,1995-09-02,pathfinder,mouse & keyboard,player,,,2019-03-23;2019-07-07,0,3370.0,1,0,1,,,,,,,,,
Gazzma,,,controller,talent,,,,,,,,,2021-04-05;2021-10-01,0,9,,,,,,
gdolphn,1995-04-11,octane,mouse & keyboard,player;talent;coach,3600,gdolphin,2019-04-27;2022-03-15,3,35120.0,3,9,3,2020-07-07;2022-01-10,2,21,2020-10-02;2021-09-30,1,164843.0,8,7,0
geesh,,octane,mouse & keyboard,player,380,,2019-04-07;2020-01-27,1,53489.0,2,4,2,,,,,,,,,
Gemasoft,,caustic;pathfinder,mouse & keyboard,talent;coach,,,,,,,,,2021-02-21;2021-06-13,0,8,2022-02-17;2022-03-04,0,600.0,0,0,0
Genburten,,caustic;bloodhound,controller,player,12720,,2020-01-26;2022-02-05,2,122729.0,32,17,8,,,,,,,,,
Geniusx,,wraith;bloodhound,mouse & keyboard,player,1850,,2020-05-30;2022-01-16,2,5174.0,1,0,0,,,,,,,,,
Genome,1989-07-03,,mouse & keyboard,talent,,,,,,,,,2020-08-02;2022-03-27,2,21,,,,,,
Gentrifyinq,1999-01-11,wraith;wattson,controller,player,13015,,2020-01-27;2022-03-23,2,159299.0,21,10,8,,,,,,,,,
Gerovic12,2000-02-29,gibraltar;wraith,controller,player,1400,Gerovic,2020-02-01;2022-01-14,2,28166.0,2,6,2,,,,,,,,,
GGEZ_Deep,10-22,wraith,mouse & keyboard,player,280,Juncheee;QAQ;QAQWQAQWQAQQAQ;Deep777777,2020-12-19;2022-03-13,2,10465.0,3,6,3,,,,,,,,,
Gigz,,,mouse & keyboard,player,,,2019-03-24;2020-02-21,1,46406.0,0,2,0,,,,,,,,,
Gildersons,2003-10-14,bloodhound;wraith;octane,controller,player,,Gild,2021-04-29;2022-03-23,1,12556.0,1,3,7,,,,,,,,,
Glahn,1996-08-15,bangalore,mouse & keyboard,player,,,2019-03-30;2019-09-15,0,0.0,0,0,0,,,,,,,,,
Glat,1998-03-04,,mouse & keyboard,player,,,2019-07-06;2019-07-06,0,874.0,1,0,0,,,,,,,,,
GlitterXplosion,,,mouse & keyboard,talent,,,,,,,,,2019-09-15;2022-03-27,3,12,,,,,,
Gnaske,2001-06-23,crypto;gibraltar,mouse & keyboard,,6485,GnaskeLone,,,,,,,,,,,,,,,
Golden,,,controller,player,1310,SilencedIsGolden,2019-04-20;2022-02-24,3,17735.0,9,2,5,,,,,,,,,
Goldenboy,1987-11-08,,mouse & keyboard,talent,,GoldenboyFTW,,,,,,,2019-07-11;2020-08-02,1,9,,,,,,
GossEyee,1999-11-15,wraith;pathfinder;wattson,mouse & keyboard,player,3420,Gos$,2019-03-17;2020-11-29,1,131.0,0,2,0,,,,,,,,,
Graceful,1994-03-16,wraith,mouse & keyboard,player,9120,LootingMartin,2019-03-27;2022-02-13,3,110708.0,11,14,10,,,,,,,,,
Grego,,,mouse & keyboard,player,120,,2019-03-02;2020-03-26,1,18490.0,0,0,0,,,,,,,,,
GregoM,1997-08-06,wraith;horizon,mouse & keyboard,,6020,GregoM7,,,,,,,,,,,,,,,
Grettsu,1994-07-12,lifeline;octane;wraith,mouse & keyboard,player,150,,2019-04-17;2020-04-06,1,0.0,0,0,0,,,,,,,,,
GrimReality,1999-08-07,,mouse & keyboard,player,,,2019-03-30;2019-09-15,0,1000.0,0,0,0,,,,,,,,,
GsBird,1997-06-05,gibraltar,controller,player,5455,,2020-01-27;2022-03-15,2,18670.0,5,7,10,,,,,,,,,
Gsnkryu,2004-08-09,,mouse & keyboard,player,,,2021-04-01;2022-03-13,1,9026.0,8,2,3,,,,,,,,,
GueiGo,1996-10-02,,mouse & keyboard,player,,standy5229;SweetCamper;billv3vb,2019-03-16;2022-03-18,3,6807.0,0,0,0,,,,,,,,,
GuGu,,,controller,player,,,2021-04-25;2022-03-20,1,2733.0,1,0,0,,,,,,,,,
GuhRL,1995-09-06,pathfinder,mouse & keyboard,player;talent,790,,2019-08-14;2022-02-22,3,63345.0,2,1,3,2020-07-12;2021-11-16,1,33,,,,,,
Guifaria1,2001-06-30,wraith,mouse & keyboard,player,2505,,2020-04-18;2022-03-14,2,600.0,0,0,2,,,,,,,,,
Guinho,1999-02-06,pathfinder,mouse & keyboard,player,3130,,2020-06-30;2022-03-14,2,2355.0,0,2,3,,,,,,,,,
Gutbuster,,,mouse & keyboard,player,620,,2020-11-21;2022-02-16,2,1163.0,3,2,3,,,,,,,,,
Gxnjy,2000-08-15,wraith;bloodhound;valkyrie,controller,player,,,2021-06-08;2022-01-26,1,13683.0,4,3,0,,,,,,,,,
H1yaA,,,mouse & keyboard,,1350,,,,,,,,,,,,,,,,
Hachikobtw,2000-05-03,pathfinder;lifeline,mouse & keyboard,player,290,Hachikobtw,2019-03-03;2020-04-06,1,170.0,1,1,2,,,,,,,,,
Hakis,1995-06-26,wraith;octane,mouse & keyboard,player,9170,hAKIS,2019-03-24;2022-03-20,3,191445.62,28,10,13,,,,,,,,,
HAL,,,mouse & keyboard,player,,,2019-02-19;2021-12-02,2,32399.0,1,0,1,,,,,,,,,
Halcyon,,,mouse & keyboard,player,,Shion,2019-03-08;2019-05-19,0,333.0,1,1,2,,,,,,,,,
Hambino,1996-10-24,gibraltar;wraith,mouse & keyboard,player,3405,Ham,2019-04-26;2022-02-22,3,34763.0,7,7,7,,,,,,,,,
HammerDrill,,horizon,controller,player,,,2021-07-10;2022-02-23,1,10824.0,1,1,3,,,,,,,,,
hanabijaa,2003-10-23,wattson;pathfinder,mouse & keyboard,player,2810,,2020-01-26;2020-07-05,0,3210.0,0,1,0,,,,,,,,,
Hardecki,2003-02-02,valkyrie,mouse & keyboard,,7145,,,,,,,,,,,,,,,,
Hardly,1996-06-21,wraith;octane,mouse & keyboard,player,,,2019-03-20;2019-05-22,0,768.0,3,1,1,,,,,,,,,
HaRu,,wraith,controller,player,1550,HaRuLuuuuuN;HanuelZeno,2020-05-30;2022-01-09,2,3276.0,5,4,6,,,,,,,,,
Hatsume,1998-08-27,,mouse & keyboard,talent,,hatsumememe,,,,,,,2020-04-25;2021-07-07,1,6,,,,,,
Heeeiii,,gibraltar,mouse & keyboard,player,680,CaresenDK,2020-08-07;2022-02-20,2,3727.0,2,2,1,,,,,,,,,
Heegak,1998-08-26,,mouse & keyboard,player,7210,,2019-04-21;2021-12-05,2,11951.0,1,1,3,,,,,,,,,
HELL,,lifeline;bangalore,mouse & keyboard,player,,,2019-03-11;2019-09-15,0,6600.0,2,1,0,,,,,,,,,
help,1998-04-30,crypto,mouse & keyboard,player,6140,Helping,2019-02-23;2021-10-04,2,25425.0,1,4,2,,,,,,,,,
henReel,,lifeline,mouse & keyboard,player,,,2019-03-30;2019-05-31,0,0.0,0,0,0,,,,,,,,,
Hero,1995-07-15,gibraltar;wraith;bloodhound,mouse & keyboard,player,3120,,2019-10-31;2021-11-04,2,1680.0,4,3,2,,,,,,,,,
Hers,,,,player;talent,,,2020-03-20;2021-01-02,1,300.0,1,0,0,2020-03-06;2022-06-16,2,70,,,,,,
Hesiko,2002-04-09,crypto,mouse & keyboard,player,6775,Yuk9,2020-03-21;2022-02-06,2,14355.0,2,1,2,,,,,,,,,
Hestia,1995-06-07,wraith;gibraltar,mouse & keyboard,player,4655,HestiaWasTaken,2020-08-15;2021-09-27,1,5135.0,2,1,5,,,,,,,,,
heykatie,,pathfinder,mouse & keyboard,player,,,2019-03-16;2019-09-15,0,6516.0,1,0,0,,,,,,,,,
Hiarka,2003-03-02,wraith;gibraltar,mouse & keyboard,player,2330,,2019-08-25;2022-03-20,3,22541.5,23,14,9,,,,,,,,,
Hiarky,,pathfinder;lifeline;gibraltar,mouse & keyboard,player,5680,Hierarchy,2020-01-27;2022-03-11,2,6790.0,1,4,3,,,,,,,,,
hikaruFrench,,,mouse & keyboard,player,7125,,2020-01-26;2021-02-22,1,6690.0,0,1,1,,,,,,,,,
hikuman,,,controller,player,,,2021-07-14;2022-01-28,1,8175.0,5,2,3,,,,,,,,,
Hill,1997-10-08,wraith;pathfinder,mouse & keyboard,player,6965,Hillkill65,2019-03-08;2022-01-27,3,52575.0,9,5,7,,,,,,,,,
His,,,,player;talent,,,2020-03-20;2022-02-22,2,11100.0,1,0,1,2020-03-06;2022-06-16,2,69,,,,,,
Hisofu,2001-08-15,bloodhound;wraith,mouse & keyboard,player,,,2021-04-01;2022-02-20,1,275.0,0,1,1,,,,,,,,,
HisWattson,,wattson;gibraltar;valkyrie,mouse & keyboard,player,3020,,2020-05-31;2022-01-14,2,4595.0,3,4,4,,,,,,,,,
Hodsic,1991-10-23,,mouse & keyboard,player;talent;coach,1565,,2019-03-09;2021-12-28,2,12580.0,3,0,2,2020-04-20;2021-05-14,1,13,2020-04-06;2022-03-23,2,53160.0,8,4,0
Holliday,1994-05-21,wattson,controller,player,1360,,2019-10-06;2022-03-22,3,5110.0,3,4,4,,,,,,,,,
holoac,,,mouse & keyboard,player,380,,2020-10-18;2022-03-20,2,1091.0,0,3,0,,,,,,,,,
HoNoSuu,,,mouse & keyboard,,750,,,,,,,,,,,,,,,,
Hoony,2000-12-10,gibraltar;crypto;bloodhound,mouse & keyboard,player,410,Ether00,2019-03-15;2021-12-05,2,670.0,1,6,0,,,,,,,,,
Horizxon,2001-06-24,pathfinder;gibraltar,controller,player,4455,,2020-04-06;2022-03-20,2,71521.0,7,4,5,,,,,,,,,
Hotoke,1998-12-02,,mouse & keyboard,,,,,,,,,,,,,,,,,,
HTPHarold,,,mouse & keyboard,player,720,,2019-11-14;2022-02-06,3,0.0,0,0,0,,,,,,,,,
hundredz,1989-08-10,wraith;wattson;gibraltar,mouse & keyboard,player,1560,,2019-05-22;2021-10-13,2,2055.0,0,2,5,,,,,,,,,
HusKers,1995-10-04,,mouse & keyboard,player,900,,2019-02-12;2020-04-06,1,175587.0,3,4,8,,,,,,,,,
IAmDrakey,1998-10-19,wattson,mouse & keyboard,player,,,2019-05-31;2019-12-22,0,0.0,1,0,2,,,,,,,,,
ibuo,,,mouse & keyboard,player,,,2021-04-23;2022-03-20,1,0.0,0,1,1,,,,,,,,,
IDG,,wattson,mouse & keyboard,player,2170,,2019-10-31;2020-05-30,1,990.0,0,2,0,,,,,,,,,
idgaf,,,mouse & keyboard,player,2210,idgafKakkoi;iid;idgafnvm,2020-05-30;2021-07-17,1,5185.0,0,2,2,,,,,,,,,
Iguyyyyy,,gibraltar,mouse & keyboard,player,3075,guywesly,2020-06-21;2021-10-10,1,2674.0,1,0,0,,,,,,,,,
iiTzTimmy,2000-04-19,pathfinder;wraith;valkyrie,mouse & keyboard,player,1210,,2019-09-11;2022-03-21,3,52053.0,2,1,3,,,,,,,,,
IKILLONLYNOOB,,wraith;octane,mouse & keyboard,player,3275,IKILL;RONNIE,2020-06-21;2022-03-20,2,2674.0,1,0,0,,,,,,,,,
Iko,1991-07-30,wattson,mouse & keyboard,player,980,,2020-04-06;2020-08-17,0,0.0,0,0,1,,,,,,,,,
iM07A,1995-01-03,wattson,mouse & keyboard,player,4800,iMoha,2020-01-26;2020-11-21,0,10160.0,2,2,0,,,,,,,,,
ImMadness,1998-06-19,octane;wraith,mouse & keyboard,player,11010,,2019-04-02;2022-03-23,3,184569.0,29,17,13,,,,,,,,,
iMoonDx,2003-04-03,wraith;gibraltar,mouse & keyboard,player,2235,,2021-01-31;2021-12-12,0,1380.0,3,3,1,,,,,,,,,
ImperialHal,1999-05-31,wraith;octane,mouse & keyboard,player,13670,,2019-03-15;2022-03-23,3,666024.0,51,23,20,,,,,,,,,
ImpulsiveDream,1998-04-02,bloodhound;caustic;gibraltar,controller,player,3180,Impulse,2020-03-23;2022-03-23,2,17329.0,7,5,6,,,,,,,,,
inboxes,,wraith,mouse & keyboard,,,,,,,,,,,,,,,,,,
InFighT,2001-08-28,wraith,mouse & keyboard,player;coach,3000,,2020-04-04;2021-06-22,1,5281.0,3,1,1,,,,2021-08-12;2021-11-07,0,0.0,0,0,0
Inhuman,1998-09-29,wraith;wattson;bangalore,mouse & keyboard,player,230,,2019-09-11;2021-12-05,2,2029.0,0,0,0,,,,,,,,,
Inhumed,,,mouse & keyboard,player,3425,Inhumed;iinhumed,2020-01-27;2021-12-15,1,750.0,0,0,2,,,,,,,,,
INPA,,pathfinder;gibraltar;caustic,mouse & keyboard,player,2070,,2019-10-20;2020-05-30,1,8.0,0,1,0,,,,,,,,,
Instyle,1994-07-03,wattson,mouse & keyboard,player,1460,,2019-10-31;2020-11-23,1,0.0,0,0,0,,,,,,,,,
InvctuZ,,,controller,player,,,2021-04-01;2021-06-20,0,19922.0,2,5,1,,,,,,,,,
IPirrus,2000-11-20,wraith,controller,player,1420,,2020-06-21;2022-02-15,2,8665.0,3,0,3,,,,,,,,,
iPN,1995-07-26,bloodhound;revenant,mouse & keyboard,player,4965,iPN-k0u,2019-04-03;2022-01-14,3,66672.0,10,7,5,,,,,,,,,
iShiny,1996-07-22,,mouse & keyboard,player,13100,,2019-03-27;2022-03-23,3,165375.0,8,8,11,,,,,,,,,
